Invoice Number,Vendor Code,Region,Invoice Date,Invoice Amount,Currency,PO Number,Hold Reason,Payment Status
US20-INV-200207,V771155,US20,2026-05-09,22435.19,EUR,PO1397710,nan,On Hold
UK30-INV-200191,V431236,UK30,2026-03-03,12379.09,EUR,PO9195810,nan,On Hold
US20-INV-200222,V744167,US20,2026-01-29,17306.31,USD,PO6693075,nan,On Hold
US20-INV-200177,V154886,US20,2026-04-24,8862.1,EUR,PO7437845,Price Difference,On Hold
DE10-INV-200260,V431236,DE10,2026-02-02,17025.69,EUR,PO9715912,Quantity Mismatch,On Hold
DE10-INV-200230,V141090,DE10,2026-03-26,7030.41,EUR,PO6489464,nan,On Hold
UK30-INV-200271,V299041,UK30,2026-03-15,16201.04,GBP,PO7849486,nan,On Hold
IT25-INV-200119,V891743,IT25,2026-02-19,22786.54,EUR,PO2324070,Missing PO,On Hold
US20-INV-200232,V876997,US20,2026-04-10,18744.25,EUR,PO7767528,Quantity Mismatch,On Hold
IT25-INV-200289,V419030,IT25,2026-04-15,2934.17,EUR,PO9399911,nan,On Hold
UK30-INV-200051,V628178,UK30,2026-02-20,17700.12,EUR,PO5261946,Missing GR,On Hold
FR15-INV-200253,V164820,FR15,2026-06-09,648.77,USD,PO9423309,Duplicate Invoice,On Hold
DE10-INV-200280,V378167,DE10,2026-02-04,4142.93,EUR,PO1403119,Quantity Mismatch,On Hold
IT25-INV-200219,V165725,IT25,2026-06-28,5277.39,USD,PO4881185,nan,On Hold
UK30-INV-200211,V427069,UK30,2026-07-10,4928.38,GBP,PO5785956,nan,On Hold
UK30-INV-200271,V299041,UK30,2026-03-15,16201.04,GBP,PO7849486,nan,On Hold
FR15-INV-200058,V229981,FR15,2026-04-07,23689.13,USD,PO3245909,Missing GR,On Hold
FR15-INV-200223,V521909,FR15,2026-03-10,1126.91,USD,PO9109916,Duplicate Invoice,On Hold
FR15-INV-200018,V141090,FR15,2026-06-02,22403.75,EUR,PO8985620,nan,On Hold
US20-INV-200257,V887201,US20,2026-06-27,3126.09,GBP,PO3339767,Missing PO,On Hold
UK30-INV-200011,V370936,UK30,2026-07-19,18809.15,GBP,PO2922135,nan,On Hold
FR15-INV-200098,V165725,FR15,2026-06-23,22543.78,GBP,PO1378165,nan,On Hold
DE10-INV-200070,V832180,DE10,2026-01-17,11796.22,GBP,PO9439834,Missing PO,On Hold
US20-INV-200147,V748143,US20,2026-05-30,19259.34,USD,PO8597626,nan,On Hold
US20-INV-200122,V999159,US20,2026-01-13,18184.13,GBP,PO2661793,Missing PO,On Hold
UK30-INV-200251,V765987,UK30,2026-01-02,6840.69,EUR,PO8809006,nan,On Hold
IT25-INV-200194,V449457,IT25,2026-05-17,24503.81,GBP,PO9171548,Missing PO,On Hold
DE10-INV-200080,V359178,DE10,2026-04-03,21734.69,EUR,PO9752084,Approval Pending,On Hold
US20-INV-200027,V465838,US20,2026-07-08,15851.15,GBP,PO3026580,nan,On Hold
FR15-INV-200123,V373538,FR15,2026-03-01,15393.37,GBP,PO7576651,nan,On Hold
FR15-INV-200158,V621430,FR15,2026-04-11,9050.34,USD,PO3383366,nan,On Hold
US20-INV-200012,V210268,US20,2026-06-13,18900.39,GBP,PO8021855,Price Difference,On Hold
IT25-INV-200029,V314176,IT25,2026-06-10,7436.29,EUR,PO8507324,Missing PO,On Hold
IT25-INV-200059,V627035,IT25,2026-01-28,24652.13,EUR,PO1116739,Missing GR,On Hold
IT25-INV-200259,V210268,IT25,2026-05-04,14900.77,EUR,PO1491036,nan,On Hold
FR15-INV-200073,V373538,FR15,2026-02-15,3070.53,EUR,PO8369434,Quantity Mismatch,On Hold
FR15-INV-200298,V600186,FR15,2026-01-21,13985.56,USD,PO2047343,nan,On Hold
UK30-INV-200221,V521909,UK30,2026-07-04,12659.92,USD,PO6166650,nan,On Hold
FR15-INV-200138,V256730,FR15,2026-02-01,11797.03,USD,PO9047252,Approval Pending,On Hold
DE10-INV-200095,V876997,DE10,2026-02-27,11445.35,USD,PO2270896,Price Difference,On Hold
US20-INV-200102,V600186,US20,2026-06-24,22273.06,USD,PO4351278,Missing PO,On Hold
US20-INV-200202,V428947,US20,2026-05-06,3924.78,EUR,PO9945309,Price Difference,On Hold
IT25-INV-200139,V999159,IT25,2026-07-10,10458.26,EUR,PO6254224,nan,On Hold
UK30-INV-200261,V627035,UK30,2026-06-10,19760.91,EUR,PO7046914,Price Difference,On Hold
US20-INV-200172,V231932,US20,2026-02-24,15564.69,USD,PO3547500,Missing GR,On Hold
DE10-INV-200185,V765987,DE10,2026-01-19,10004.09,EUR,PO8465373,nan,On Hold
DE10-INV-200220,V891743,DE10,2026-03-27,9202.11,EUR,PO6004998,Missing PO,On Hold
IT25-INV-200004,V154886,IT25,2026-02-23,10403.55,GBP,PO4185714,Missing GR,On Hold
FR15-INV-200163,V249503,FR15,2026-01-05,13076.06,EUR,PO1838003,Missing GR,On Hold
US20-INV-200112,V589492,US20,2026-05-17,24657.34,GBP,PO3721864,Duplicate Invoice,On Hold
FR15-INV-200078,V358795,FR15,2026-02-06,9465.53,GBP,PO2500844,nan,On Hold
UK30-INV-200161,V335796,UK30,2026-03-01,13079.65,GBP,PO9593223,nan,On Hold
IT25-INV-200009,V335796,IT25,2026-03-16,21481.56,USD,PO3694946,Quantity Mismatch,On Hold
IT25-INV-200089,V187498,IT25,2026-06-10,1983.84,EUR,PO7827299,Price Difference,On Hold
UK30-INV-200016,V600186,UK30,2026-04-22,20687.47,USD,PO1499876,nan,On Hold
FR15-INV-200088,V832180,FR15,2026-06-09,24825.18,EUR,PO3118324,nan,On Hold
DE10-INV-200000,V370936,DE10,2026-02-17,4559.37,USD,PO1076218,Approval Pending,On Hold
US20-INV-200127,V431236,US20,2026-06-22,1273.68,EUR,PO1428988,Approval Pending,On Hold
IT25-INV-200229,V765987,IT25,2026-06-25,1667.79,EUR,PO4207393,Missing GR,On Hold
US20-INV-200182,V165725,US20,2026-05-25,8804.15,USD,PO5137270,nan,On Hold
DE10-INV-200110,V359178,DE10,2026-04-14,2081.71,USD,PO7790593,Duplicate Invoice,On Hold
US20-INV-200062,V229981,US20,2026-07-16,2224.99,GBP,PO9577064,Price Difference,On Hold
US20-INV-200187,V521909,US20,2026-02-27,21579.74,GBP,PO9070924,Missing PO,On Hold
UK30-INV-200111,V891743,UK30,2026-06-10,24363.71,EUR,PO5851188,nan,On Hold
US20-INV-200157,V284779,US20,2026-07-07,15510.49,GBP,PO2524102,Approval Pending,On Hold
FR15-INV-200108,V231932,FR15,2026-05-10,8930.8,GBP,PO2170365,nan,On Hold
DE10-INV-200085,V335796,DE10,2026-07-07,1222.52,USD,PO7854453,nan,On Hold
FR15-INV-200168,V573254,FR15,2026-04-26,10176.55,EUR,PO8951632,nan,On Hold
DE10-INV-200120,V748143,DE10,2026-06-02,20590.05,GBP,PO8364386,Approval Pending,On Hold
UK30-INV-200131,V970910,UK30,2026-05-24,24683.81,USD,PO8599600,nan,On Hold
IT25-INV-200039,V291335,IT25,2026-07-14,11122.03,GBP,PO4376513,nan,On Hold
US20-INV-200132,V427069,US20,2026-05-22,3887.86,USD,PO7610734,Duplicate Invoice,On Hold
DE10-INV-200295,V589492,DE10,2026-06-06,4396.56,EUR,PO5180303,Duplicate Invoice,On Hold
US20-INV-200107,V275203,US20,2026-06-04,11672.91,EUR,PO3768362,Quantity Mismatch,On Hold
US20-INV-200287,V771155,US20,2026-06-11,10348.36,GBP,PO5322626,Quantity Mismatch,On Hold
US20-INV-200017,V275203,US20,2026-04-09,8103.23,USD,PO2962165,Approval Pending,On Hold
UK30-INV-200146,V771155,UK30,2026-05-05,13952.48,USD,PO5912216,nan,On Hold
US20-INV-200247,V314176,US20,2026-01-04,,EUR,PO8663589,nan,On Hold
IT25-INV-200169,V431236,IT25,2026-04-04,3480.28,USD,PO8429645,Approval Pending,On Hold
US20-INV-200042,V427069,US20,2026-02-02,3059.12,GBP,PO2705215,nan,On Hold
DE10-INV-200090,V586232,DE10,2026-03-08,13913.28,USD,PO7247794,Missing GR,On Hold
FR15-INV-200173,V249503,FR15,2026-06-17,17646.38,GBP,PO5193060,Approval Pending,On Hold
IT25-INV-200159,V449457,IT25,2026-01-08,2971.91,GBP,PO3035848,Duplicate Invoice,On Hold
DE10-INV-200005,V891743,DE10,2026-04-30,9394.65,GBP,PO2728096,Quantity Mismatch,On Hold
FR15-INV-200093,V589492,FR15,2026-01-25,,GBP,PO1876031,Duplicate Invoice,On Hold
FR15-INV-200038,V419030,FR15,2026-05-15,13805.79,USD,PO4816446,Missing PO,On Hold
UK30-INV-200106,V691723,UK30,2026-05-07,4824.81,EUR,PO8240947,Quantity Mismatch,On Hold
DE10-INV-200105,V970910,DE10,2026-07-13,7042.92,USD,PO6703394,Missing PO,On Hold
US20-INV-200067,V876997,US20,2026-02-04,2913.26,USD,PO7238795,Quantity Mismatch,On Hold
UK30-INV-200181,V748143,UK30,2026-05-27,22618.34,USD,PO8152747,Missing GR,On Hold
FR15-INV-200248,V231932,FR15,2026-01-16,11268.2,EUR,PO8918348,nan,On Hold
IT25-INV-200034,V237337,IT25,2026-02-17,19772.01,EUR,PO3008960,Price Difference,On Hold
FR15-INV-200188,V521909,FR15,2026-07-02,23745.59,GBP,PO7843532,Quantity Mismatch,On Hold
DE10-INV-200290,V187498,DE10,2026-05-15,10036.71,USD,PO4479591,nan,On Hold
US20-INV-200192,V428947,US20,2026-01-23,6567.37,EUR,PO8904294,nan,On Hold
IT25-INV-200224,V589492,IT25,2026-02-16,20015.35,USD,PO6193278,Quantity Mismatch,On Hold
IT25-INV-200284,V431236,IT25,2026-04-03,22434.62,GBP,PO2950013,nan,On Hold
US20-INV-200267,V221958,US20,2026-03-08,10876.74,GBP,PO1326916,Approval Pending,On Hold
IT25-INV-200019,V256730,IT25,2026-04-03,9821.66,USD,PO1611213,Duplicate Invoice,On Hold
IT25-INV-200014,V832180,IT25,2026-04-14,22578.44,EUR,PO9997354,Missing GR,On Hold
UK30-INV-200091,V358795,UK30,2026-05-08,24237.17,USD,PO8917596,nan,On Hold
FR15-INV-200208,V771155,FR15,2026-01-16,11927.95,USD,PO7503216,Approval Pending,On Hold
IT25-INV-200174,V744167,IT25,2026-02-21,5442.16,EUR,PO1134055,nan,On Hold
IT25-INV-200044,V573254,IT25,2026-07-06,19073.54,EUR,PO8271476,Price Difference,On Hold
UK30-INV-200171,V627035,UK30,2026-04-09,18915.16,EUR,PO9948331,Missing PO,On Hold
DE10-INV-200150,V628178,DE10,2026-03-27,6296.6,GBP,PO2564718,Duplicate Invoice,On Hold
US20-INV-200297,V627035,US20,2026-06-13,23244.99,USD,PO1458298,Approval Pending,On Hold
FR15-INV-200278,V210268,FR15,2026-02-15,3948.55,USD,PO6087268,nan,On Hold
UK30-INV-200041,V275203,UK30,2026-05-08,8870.24,USD,PO7193956,Duplicate Invoice,On Hold
IT25-INV-200079,V765987,IT25,2026-01-24,7249.95,USD,PO4443609,nan,On Hold
FR15-INV-200288,V221958,FR15,2026-04-25,,GBP,PO1656951,Quantity Mismatch,On Hold
UK30-INV-200231,V484681,UK30,2026-02-08,20184.1,EUR,PO8456985,Missing GR,On Hold
IT25-INV-200164,V358795,IT25,2026-04-13,21326.71,EUR,PO4433382,Price Difference,On Hold
US20-INV-200117,V291335,US20,2026-01-26,17165.57,USD,PO3704999,Approval Pending,On Hold
UK30-INV-200256,V164820,UK30,2026-05-20,8288.31,USD,PO2721610,nan,On Hold
IT25-INV-200099,V754811,IT25,2026-01-24,1279.34,GBP,PO5131479,Price Difference,On Hold
UK30-INV-200266,V754811,UK30,2026-01-12,18674.17,EUR,PO9168984,Price Difference,On Hold
FR15-INV-200008,V887201,FR15,2026-04-26,23279.32,EUR,PO8667105,Missing GR,On Hold
UK30-INV-200236,V744167,UK30,2026-01-10,12190.4,GBP,PO2514542,Missing PO,On Hold
IT25-INV-200189,V876997,IT25,2026-03-31,3804.78,GBP,PO5945169,Duplicate Invoice,On Hold
US20-INV-200197,V249503,US20,2026-02-27,15890.01,USD,PO2859582,nan,On Hold
UK30-INV-200031,V891743,UK30,2026-02-02,16862.08,EUR,PO5339235,Price Difference,On Hold
FR15-INV-200293,V521909,FR15,2026-04-24,20454.24,USD,PO8426263,Quantity Mismatch,On Hold
DE10-INV-200055,V370936,DE10,2026-01-27,9450.63,EUR,PO3859244,nan,On Hold
FR15-INV-200028,V665894,FR15,2026-06-18,11293.87,GBP,PO8229039,Quantity Mismatch,On Hold
UK30-INV-200291,V359178,UK30,2026-07-15,24241.34,USD,PO6203916,nan,On Hold
UK30-INV-200246,V378167,UK30,2026-03-10,13373.02,USD,PO7666455,Approval Pending,On Hold
DE10-INV-200175,V832180,DE10,2026-05-24,3538.83,GBP,PO2841648,nan,On Hold
FR15-INV-200048,V229981,FR15,2026-06-07,17569.08,GBP,PO9104789,nan,On Hold
IT25-INV-200249,V887201,IT25,2026-01-24,13385.54,USD,PO5988023,Quantity Mismatch,On Hold
FR15-INV-200033,V586232,FR15,2026-01-21,19820.74,EUR,PO9790529,nan,On Hold
DE10-INV-200035,V256730,DE10,2026-05-28,2416.47,EUR,PO5455214,nan,On Hold
US20-INV-200212,V970910,US20,2026-03-10,1165.59,USD,PO6105724,Price Difference,On Hold
FR15-INV-200063,V221958,FR15,2026-03-02,19462.1,USD,PO3653093,Missing PO,On Hold
DE10-INV-200225,V465838,DE10,2026-04-04,15753.32,GBP,PO1431413,nan,On Hold
IT25-INV-200234,V431236,IT25,2026-04-11,5352.33,USD,PO9533879,Missing PO,On Hold
UK30-INV-200066,V154886,UK30,2026-01-04,22672.91,EUR,PO7944121,Duplicate Invoice,On Hold
IT25-INV-200154,V165725,IT25,2026-03-11,15213.44,USD,PO7609876,Missing PO,On Hold
IT25-INV-200039,V291335,IT25,2026-07-14,11122.03,GBP,PO4376513,nan,On Hold
DE10-INV-200240,V378167,DE10,2026-06-29,,USD,PO7846192,Price Difference,On Hold
IT25-INV-200204,V141090,IT25,2026-02-17,16075.74,EUR,PO4047569,Duplicate Invoice,On Hold
US20-INV-200047,V378167,US20,2026-01-22,2240.05,GBP,PO9121849,Missing GR,On Hold
FR15-INV-200228,V356840,FR15,2026-05-24,23033.68,GBP,PO1302186,Price Difference,On Hold
IT25-INV-200214,V358795,IT25,2026-04-03,7072.97,GBP,PO8996198,nan,On Hold
DE10-INV-200040,V832180,DE10,2026-05-25,22209.45,USD,PO2937878,Missing PO,On Hold
UK30-INV-200021,V754811,UK30,2026-05-08,22648.74,EUR,PO8750575,Duplicate Invoice,On Hold
UK30-INV-200101,V203355,UK30,2026-02-01,23767.73,USD,PO2631993,Approval Pending,On Hold
IT25-INV-200069,V165725,IT25,2026-02-18,432.14,GBP,PO1716756,Price Difference,On Hold
FR15-INV-200053,V891743,FR15,2026-01-08,2258.22,USD,PO2732465,nan,On Hold
US20-INV-200137,V314176,US20,2026-03-07,20982.47,EUR,PO8542535,nan,On Hold
IT25-INV-200024,V744167,IT25,2026-07-13,23759.04,GBP,PO2839433,nan,On Hold
US20-INV-200242,V154886,US20,2026-05-27,6423.06,EUR,PO8347689,Missing GR,On Hold
IT25-INV-200134,V229981,IT25,2026-05-23,9615.14,USD,PO5894287,nan,On Hold
DE10-INV-200210,V665894,DE10,2026-07-11,4432.15,EUR,PO4188729,Quantity Mismatch,On Hold
UK30-INV-200116,V154886,UK30,2026-06-19,20372.81,EUR,PO4875754,Missing PO,On Hold
US20-INV-200167,V203355,US20,2026-04-19,21934.84,EUR,PO1066150,Missing PO,On Hold
US20-INV-200142,V765987,US20,2026-06-02,21638.35,USD,PO3202575,Missing GR,On Hold
DE10-INV-200285,V370936,DE10,2026-06-03,2143.81,GBP,PO2132658,Missing PO,On Hold
DE10-INV-200245,V744167,DE10,2026-01-01,12865.18,GBP,PO2039504,Approval Pending,On Hold
US20-INV-200217,V771155,US20,2026-06-03,3147.8,USD,PO6927997,Missing GR,On Hold
UK30-INV-200056,V370936,UK30,2026-01-21,9360.46,GBP,PO1886040,nan,On Hold
UK30-INV-200061,V291335,UK30,2026-07-11,9500.05,GBP,PO3420564,nan,On Hold
IT25-INV-200179,V358795,IT25,2026-04-16,9897.26,EUR,PO3735264,Missing GR,On Hold
DE10-INV-200180,V373538,DE10,2026-06-07,11021.25,GBP,PO5448748,Quantity Mismatch,On Hold
IT25-INV-200084,V627035,IT25,2026-04-09,24251.49,USD,PO1390719,Approval Pending,On Hold
IT25-INV-200184,V291335,IT25,2026-03-04,19623.78,GBP,PO9847905,Missing PO,On Hold
IT25-INV-200114,V249503,IT25,2026-06-25,13471.99,EUR,PO7984720,nan,On Hold
US20-INV-200292,V970910,US20,2026-02-27,21657.85,GBP,PO7026988,Price Difference,On Hold
FR15-INV-200258,V521909,FR15,2026-06-12,22279.6,GBP,PO3614235,Approval Pending,On Hold
FR15-INV-200118,V291335,FR15,2026-04-09,4191.03,USD,PO6298217,nan,On Hold
IT25-INV-200279,V370936,IT25,2026-05-10,6262.05,EUR,PO7155579,Approval Pending,On Hold
DE10-INV-200170,V999159,DE10,2026-02-16,865.25,GBP,PO7081687,nan,On Hold
DE10-INV-200145,V335796,DE10,2026-07-09,24916.43,GBP,PO5381137,Missing GR,On Hold
IT25-INV-200299,V164820,IT25,2026-06-13,14354.58,USD,PO6719720,Approval Pending,On Hold
DE10-INV-200265,V429365,DE10,2026-04-11,14733.0,GBP,PO4978702,Missing PO,On Hold
IT25-INV-200054,V299041,IT25,2026-01-27,24667.99,USD,PO4173584,Price Difference,On Hold
UK30-INV-200176,V203355,UK30,2026-01-13,511.43,USD,PO8132508,Missing GR,On Hold
US20-INV-200272,V655839,US20,2026-02-12,14333.84,GBP,PO6050405,nan,On Hold
UK30-INV-200186,V665894,UK30,2026-04-02,15608.85,EUR,PO2020154,nan,On Hold
UK30-INV-200201,V970910,UK30,2026-04-06,3331.94,EUR,PO1549239,Quantity Mismatch,On Hold
FR15-INV-200238,V621430,FR15,2026-04-10,9317.5,EUR,PO5180656,Missing GR,On Hold
FR15-INV-200098,V165725,FR15,2026-06-23,22543.78,GBP,PO1378165,nan,On Hold
UK30-INV-200206,V428947,UK30,2026-04-27,8739.83,GBP,PO9555080,nan,On Hold
DE10-INV-200130,V284779,DE10,2026-01-08,20292.25,EUR,PO3977590,Price Difference,On Hold
US20-INV-200097,V600186,US20,2026-04-14,14670.21,USD,PO5422375,Missing GR,On Hold
DE10-INV-200275,V284779,DE10,2026-05-21,15203.5,GBP,PO4280772,Missing PO,On Hold
US20-INV-200082,V249503,US20,2026-06-30,,EUR,PO6927613,nan,On Hold
FR15-INV-200193,V428947,FR15,2026-05-07,11559.52,USD,PO8185197,nan,On Hold
DE10-INV-200060,V314176,DE10,2026-04-21,18871.45,EUR,PO2014929,Price Difference,On Hold
IT25-INV-200094,V427069,IT25,2026-02-23,17439.35,EUR,PO7232739,nan,On Hold
DE10-INV-200140,V521909,DE10,2026-03-27,6944.17,GBP,PO7215140,Price Difference,On Hold
FR15-INV-200233,V359178,FR15,2026-02-02,4735.35,USD,PO2026553,Quantity Mismatch,On Hold
FR15-INV-200148,V229981,FR15,2026-02-27,23627.43,EUR,PO4498472,Missing GR,On Hold
US20-INV-200152,V335796,US20,2026-06-29,3359.61,GBP,PO4813270,Missing PO,On Hold
IT25-INV-200274,V447449,IT25,2026-01-29,24664.9,GBP,PO2725690,Duplicate Invoice,On Hold
DE10-INV-200135,V291335,DE10,2026-04-02,24252.37,EUR,PO8954647,nan,On Hold
UK30-INV-200081,V748143,UK30,2026-02-15,5706.36,GBP,PO2400283,Duplicate Invoice,On Hold
IT25-INV-200124,V521909,IT25,2026-05-15,10543.34,EUR,PO7867218,Duplicate Invoice,On Hold
FR15-INV-200243,V370936,FR15,2026-07-05,17876.74,EUR,PO2829553,Missing PO,On Hold
IT25-INV-200244,V765987,IT25,2026-04-06,22395.89,GBP,PO4041341,nan,On Hold
FR15-INV-200013,V165725,FR15,2026-06-15,2712.63,GBP,PO1978039,nan,On Hold
UK30-INV-200096,V970910,UK30,2026-03-08,15744.82,USD,PO2059622,Approval Pending,On Hold
DE10-INV-200250,V370936,DE10,2026-03-21,6175.39,EUR,PO8635836,Quantity Mismatch,On Hold
FR15-INV-200263,V754811,FR15,2026-06-28,2309.97,GBP,PO2142953,nan,On Hold
DE10-INV-200045,V754811,DE10,2026-04-25,15512.72,EUR,PO7429611,nan,On Hold
UK30-INV-200286,V428947,UK30,2026-03-31,13184.11,USD,PO2985209,Quantity Mismatch,On Hold
FR15-INV-200103,V221958,FR15,2026-03-27,11473.07,GBP,PO3342035,Approval Pending,On Hold
UK30-INV-200036,V275203,UK30,2026-05-08,12436.34,EUR,PO9476563,Missing PO,On Hold
FR15-INV-200273,V427069,FR15,2026-02-13,8999.0,EUR,PO9337735,Duplicate Invoice,On Hold
DE10-INV-200020,V655839,DE10,2026-05-26,419.32,USD,PO1768734,nan,On Hold
IT25-INV-200269,V335796,IT25,2026-06-10,7201.83,USD,PO5506554,Quantity Mismatch,On Hold
FR15-INV-200218,V628178,FR15,2026-05-24,11600.35,GBP,PO1558924,nan,On Hold
DE10-INV-200075,V832180,DE10,2026-01-06,18689.22,EUR,PO2226476,nan,On Hold
DE10-INV-200200,V428947,DE10,2026-02-03,3352.66,EUR,PO5720642,Price Difference,On Hold
US20-INV-200227,V621430,US20,2026-07-16,21858.43,USD,PO1863561,Duplicate Invoice,On Hold
US20-INV-200282,V419030,US20,2026-03-31,7234.61,USD,PO1402732,nan,On Hold
US20-INV-200267,V221958,US20,2026-03-08,10876.74,GBP,PO1326916,Approval Pending,On Hold
IT25-INV-200149,V573254,IT25,2026-02-27,21263.74,USD,PO9369689,nan,On Hold
FR15-INV-200268,V621430,FR15,2026-03-06,3320.37,USD,PO4597706,Quantity Mismatch,On Hold
US20-INV-200002,V655839,US20,2026-05-28,20199.84,EUR,PO1770044,Price Difference,On Hold
FR15-INV-200198,V771155,FR15,2026-05-02,6117.62,EUR,PO8744064,Quantity Mismatch,On Hold
FR15-INV-200213,V521909,FR15,2026-01-22,4348.04,GBP,PO6025764,nan,On Hold
US20-INV-200052,V876997,US20,2026-07-01,2171.52,GBP,PO1090093,nan,On Hold
UK30-INV-200006,V628178,UK30,2026-06-10,19443.86,USD,PO9736347,Approval Pending,On Hold
DE10-INV-200205,V765987,DE10,2026-03-30,4669.72,EUR,PO1785332,nan,On Hold
FR15-INV-200128,V521909,FR15,2026-01-20,805.22,GBP,PO5084752,Missing PO,On Hold
DE10-INV-200270,V573254,DE10,2026-06-17,9172.6,GBP,PO1605409,Quantity Mismatch,On Hold
US20-INV-200077,V600186,US20,2026-05-04,24059.99,USD,PO9960820,nan,On Hold
FR15-INV-200113,V275203,FR15,2026-02-12,17499.32,EUR,PO4947208,Quantity Mismatch,On Hold
DE10-INV-200065,V210268,DE10,2026-05-27,10691.92,EUR,PO6888997,nan,On Hold
FR15-INV-200183,V876997,FR15,2026-04-30,12922.64,EUR,PO5317922,nan,On Hold
UK30-INV-200151,V744167,UK30,2026-02-18,11346.02,GBP,PO6139743,nan,On Hold
US20-INV-200277,V600186,US20,2026-04-05,2679.29,USD,PO6809041,nan,On Hold
DE10-INV-200160,V589492,DE10,2026-02-22,16838.59,EUR,PO6122930,Duplicate Invoice,On Hold
UK30-INV-200046,V421879,UK30,2026-04-29,2662.9,GBP,PO4266402,Price Difference,On Hold
DE10-INV-200190,V627035,DE10,2026-04-27,23175.7,USD,PO7733215,Approval Pending,On Hold
IT25-INV-200074,V141090,IT25,2026-04-27,16282.88,GBP,PO4138145,nan,On Hold
US20-INV-200092,V419030,US20,2026-01-18,13148.98,GBP,PO5902666,Quantity Mismatch,On Hold
IT25-INV-200199,V231932,IT25,2026-01-01,2035.2,USD,PO3129885,Duplicate Invoice,On Hold
US20-INV-200262,V358795,US20,2026-07-08,12536.29,EUR,PO3710241,Duplicate Invoice,On Hold
US20-INV-200087,V154886,US20,2026-07-10,13263.37,EUR,PO4296050,Duplicate Invoice,On Hold
IT25-INV-200239,V419030,IT25,2026-02-03,11643.99,EUR,PO9465506,Approval Pending,On Hold
FR15-INV-200143,V373538,FR15,2026-07-05,20350.59,USD,PO7611653,nan,On Hold
UK30-INV-200296,V154886,UK30,2026-04-30,16765.78,EUR,PO5684346,nan,On Hold
DE10-INV-200010,V691723,DE10,2026-04-23,10810.5,EUR,PO5229215,Missing GR,On Hold
US20-INV-200162,V299041,US20,2026-04-18,19342.11,GBP,PO7691409,Price Difference,On Hold
US20-INV-200032,V165725,US20,2026-05-22,18846.51,USD,PO4526737,Price Difference,On Hold
UK30-INV-200136,V552366,UK30,2026-04-08,21076.66,EUR,PO3490706,nan,On Hold
UK30-INV-200166,V573254,UK30,2026-01-06,14089.31,USD,PO4395049,Missing PO,On Hold
FR15-INV-200083,V449457,FR15,2026-04-05,452.04,USD,PO1691757,Duplicate Invoice,On Hold
US20-INV-200057,V370936,US20,2026-01-30,20348.07,EUR,PO1322918,Approval Pending,On Hold
DE10-INV-200165,V221958,DE10,2026-07-15,13864.88,USD,PO9670178,Price Difference,On Hold
DE10-INV-200155,V165725,DE10,2026-01-15,5831.77,USD,PO3378837,Approval Pending,On Hold
DE10-INV-200100,V818315,DE10,2026-04-24,7131.94,USD,PO1415008,Price Difference,On Hold
DE10-INV-200125,V249503,DE10,2026-02-26,23328.3,USD,PO8466027,Approval Pending,On Hold
FR15-INV-200023,V771155,FR15,2026-03-23,8084.94,GBP,PO6511174,Missing PO,On Hold
UK30-INV-200126,V428947,UK30,2026-02-05,21671.69,GBP,PO5987696,nan,On Hold
DE10-INV-200195,V431236,DE10,2026-05-20,12391.56,USD,PO7714301,nan,On Hold
IT25-INV-200294,V765987,IT25,2026-03-16,6558.89,EUR,PO3366610,nan,On Hold
IT25-INV-200104,V600186,IT25,2026-05-31,15560.3,USD,PO8978450,Missing PO,On Hold
FR15-INV-200153,V335796,FR15,2026-06-19,23858.17,GBP,PO5806425,Approval Pending,On Hold
UK30-INV-200226,V589492,UK30,2026-07-09,2181.71,EUR,PO5165100,nan,On Hold
DE10-INV-200025,V665894,DE10,2026-02-23,23772.59,EUR,PO7569632,Missing GR,On Hold
UK30-INV-200196,V187498,UK30,2026-05-09,8319.48,USD,PO8969693,Missing GR,On Hold
IT25-INV-200064,V299041,IT25,2026-02-17,14026.35,EUR,PO4303457,nan,On Hold
DE10-INV-200015,V691723,DE10,2026-03-25,12705.52,GBP,PO8352207,nan,On Hold
IT25-INV-200109,V221958,IT25,2026-01-17,14653.85,USD,PO6931161,Duplicate Invoice,On Hold
UK30-INV-200026,V748143,UK30,2026-06-12,14399.93,USD,PO4672214,Approval Pending,On Hold
UK30-INV-200076,V600186,UK30,2026-04-09,14646.71,GBP,PO5184056,Missing PO,On Hold
FR15-INV-200043,V370936,FR15,2026-06-25,3703.34,USD,PO6437149,nan,On Hold
FR15-INV-200003,V449457,FR15,2026-06-01,24764.05,GBP,PO6579079,Missing PO,On Hold
IT25-INV-200049,V429365,IT25,2026-02-07,1958.16,EUR,PO5108880,Missing PO,On Hold
UK30-INV-200296,V154886,UK30,2026-04-30,16765.78,EUR,PO5684346,nan,On Hold
DE10-INV-200030,V429365,DE10,2026-03-09,8317.31,GBP,PO7202258,Price Difference,On Hold
UK30-INV-200121,V370936,UK30,2026-06-01,23752.53,GBP,PO6787749,Duplicate Invoice,On Hold
DE10-INV-200115,V203355,DE10,2026-02-08,7841.76,EUR,PO8733308,nan,On Hold
FR15-INV-200283,V573254,FR15,2026-01-08,4458.33,USD,PO1506079,Missing GR,On Hold
UK30-INV-200216,V164820,UK30,2026-03-17,2354.26,GBP,PO6954878,Missing PO,On Hold
IT25-INV-200264,V249503,IT25,2026-06-20,13497.1,USD,PO4961352,Approval Pending,On Hold
IT25-INV-200209,V335796,IT25,2026-07-08,16738.81,USD,PO5317048,Price Difference,On Hold
UK30-INV-200001,V275203,UK30,2026-05-11,18802.78,EUR,PO7878974,Quantity Mismatch,On Hold
US20-INV-200022,V465838,US20,2026-04-20,2418.47,GBP,PO5241361,nan,On Hold
US20-INV-200007,V771155,US20,2026-06-01,8618.97,EUR,PO9860935,nan,On Hold
UK30-INV-200141,V210268,UK30,2026-02-20,1550.93,USD,PO4737973,Missing PO,On Hold
UK30-INV-200086,V210268,UK30,2026-04-26,22294.91,EUR,PO4337920,Quantity Mismatch,On Hold
UK30-INV-200241,V358795,UK30,2026-05-18,1061.58,EUR,PO9676924,nan,On Hold
DE10-INV-200215,V221958,DE10,2026-07-14,4548.71,USD,PO1910775,Price Difference,On Hold
FR15-INV-200068,V221958,FR15,2026-07-11,12391.73,USD,PO5767348,Quantity Mismatch,On Hold
DE10-INV-200050,V691723,DE10,2026-04-19,20573.22,USD,PO6499593,nan,On Hold
UK30-INV-200156,V887201,UK30,2026-02-23,16841.76,GBP,PO7123769,Missing GR,On Hold
US20-INV-200252,V256730,US20,2026-05-08,9525.51,GBP,PO2675843,Duplicate Invoice,On Hold
IT25-INV-200254,V891743,IT25,2026-03-25,8153.67,USD,PO4229028,Price Difference,On Hold
UK30-INV-200276,V748143,UK30,2026-01-12,6045.09,GBP,PO9197295,Price Difference,On Hold
FR15-INV-200178,V970910,FR15,2026-05-04,,GBP,PO4828433,Duplicate Invoice,On Hold
UK30-INV-200281,V891743,UK30,2026-03-22,4786.19,USD,PO9212420,Price Difference,On Hold
US20-INV-200237,V818315,US20,2026-03-10,15513.63,GBP,PO7357718,Duplicate Invoice,On Hold
UK30-INV-200071,V876997,UK30,2026-06-21,1549.14,GBP,PO7790968,nan,On Hold
IT25-INV-200129,V465838,IT25,2026-03-06,9505.11,GBP,PO5374857,Missing PO,On Hold
IT25-INV-200144,V818315,IT25,2026-03-04,24992.98,USD,PO1464071,Missing PO,On Hold
FR15-INV-200133,V249503,FR15,2026-04-25,14914.15,EUR,PO4297291,nan,On Hold
FR15-INV-200203,V356840,FR15,2026-04-28,3599.86,GBP,PO6408753,Price Difference,On Hold
DE10-INV-200255,V231932,DE10,2026-06-01,5404.48,USD,PO8056993,Missing GR,On Hold
US20-INV-200072,V621430,US20,2026-06-07,3102.63,EUR,PO4751198,Approval Pending,On Hold
DE10-INV-200235,V586232,DE10,2026-01-23,9356.23,GBP,PO4743797,Approval Pending,On Hold
US20-INV-200037,V447449,US20,2026-05-16,1580.34,USD,PO7918889,nan,On Hold
